BTA,StartSNP,EndSNP,SizeSNP,StartPos,EndPos,WinId,varianceexplained
6,8009,8028,20,10295237,11301952,10,0.84627
14,18421,18440,20,26264142,27360366,26,0.8295
13,16967,16986,20,1559165,2456626,1,0.54322
28,29658,29677,20,26630070,27536248,26,0.52198
4,6248,6267,20,93685544,95043917,93,0.48599
14,18019,18038,20,1463676,2674264,1,0.42997
22,25612,25631,20,23214897,24462555,23,0.42489
8,11828,11847,20,84797018,86283449,84,0.42126
12,16346,16365,20,35886159,39538392,35,0.40357
6,9247,9266,20,107086553,108257168,107,0.39559
3,3979,3998,20,37005589,39299783,37,0.39151
8,11431,11450,20,52204929,53405158,52,0.37295
6,9333,9352,20,112239797,113216621,112,0.36283
14,18383,18402,20,23347427,25351733,23,0.35246
14,18344,18363,20,20216601,21821834,20,0.35015
2,3287,3306,20,113483502,114477377,113,0.34973
11,15219,15238,20,38512409,40183335,38,0.34421
1,1725,1744,20,140149026,141713896,140,0.33944
22,25421,25440,20,8355726,9781519,8,0.33921
19,23534,23553,20,59984238,61083105,59,0.33764
12,16124,16143,20,14358955,15726574,14,0.3372
4,5759,5778,20,55439598,57139727,55,0.32855
16,20387,20406,20,30085992,31011092,30,0.32644
1,1208,1227,20,98898799,100237544,98,0.32132
13,17054,17073,20,8956466,10255498,8,0.32094
17,21722,21741,20,57284351,58907025,57,0.31455
2,2713,2732,20,55729126,56895186,55,0.31344
19,23331,23350,20,47270773,48630588,47,0.30962
7,10289,10308,20,70299314,72502891,70,0.29996
13,16988,17007,20,2606402,4115711,2,0.29739
26,28321,28340,20,19189998,20444634,19,0.29591
24,26975,26994,20,20446002,21918990,20,0.29407
3,4042,4061,20,42791404,44233220,42,0.28874
14,18860,18879,20,63695912,64767268,63,0.28781
24,26851,26870,20,9058158,10631945,9,0.28743
17,21537,21556,20,42082059,43486257,42,0.2857
5,6905,6924,20,25915161,27633265,25,0.28283
6,7969,7988,20,7151738,8344354,7,0.27942
28,29395,29414,20,5435846,6958438,5,0.27863
5,6953,6972,20,30185840,32900374,30,0.27469
26,28550,28569,20,36938045,38147375,36,0.27174
4,5112,5131,20,4767650,6696030,4,0.2686
20,23890,23909,20,21073349,23029920,21,0.26847
19,23453,23472,20,55136333,56300082,55,0.26836
20,24403,24422,20,65160565,66479425,65,0.26576
19,22854,22873,20,9146052,11199299,9,0.26154
1,1179,1198,20,97300654,98274088,97,0.26152
12,16287,16306,20,29831757,31639399,29,0.26132
1,1151,1170,20,94952782,96472067,94,0.2606
28,29527,29546,20,15721558,16617505,15,0.25926
2,2895,2914,20,71132639,72632052,71,0.25742
17,21151,21170,20,9128007,10283664,9,0.25647
14,18765,18784,20,56968450,58262807,56,0.25405
14,18143,18162,20,7646485,8551460,7,0.25219
13,17485,17504,20,45845581,46723493,45,0.25083
14,18964,18983,20,72764713,74414864,72,0.24928
17,21814,21833,20,63685416,64879624,63,0.24715
13,17932,17951,20,78614384,79843180,78,0.24685
1,942,961,20,78034231,79629427,78,0.24618
23,26390,26409,20,26995067,28598059,26,0.24618
3,4777,4796,20,99853456,101138019,99,0.2448
9,13040,13059,20,74848962,76527168,74,0.24409
19,23495,23514,20,57748552,58875702,57,0.24407
1,846,865,20,68891058,70191957,68,0.24193
14,18213,18232,20,10994069,11983913,10,0.24159
16,21000,21019,20,79106799,80527514,79,0.24025
9,12521,12540,20,27946591,29292408,27,0.2389
13,17077,17096,20,10663054,13013693,10,0.23874
2,2242,2261,20,19672383,21290918,19,0.23792
22,25558,25577,20,18457027,19887271,18,0.23761
6,9302,9321,20,110591345,111538775,110,0.23478
10,13917,13936,20,42949065,44601357,42,0.23097
3,3607,3626,20,1223441,2786211,1,0.22992
18,22749,22768,20,64231273,65579737,64,0.22937
4,5565,5584,20,38653121,40438857,38,0.22769
6,7934,7953,20,3093621,4368614,3,0.2264
2,3001,3020,20,80369206,84170290,80,0.2257
26,28688,28707,20,47907512,49394472,47,0.22528
1,1281,1300,20,105191465,106802833,105,0.22523
22,25515,25534,20,14804081,16727330,14,0.22495
1,1794,1813,20,145222792,146587678,145,0.2246
1,1116,1135,20,91315818,92687973,91,0.22365
4,6221,6240,20,92027885,92856133,92,0.21996
24,27194,27213,20,37098714,38227107,37,0.21976
2,2006,2025,20,930360,1982197,0,0.21884
16,20453,20472,20,34134877,35765411,34,0.21784
13,17364,17383,20,36405903,38186854,36,0.21679
1,413,432,20,35952652,37174447,35,0.21641
16,20592,20611,20,47268530,48627347,47,0.21598
14,18441,18460,20,27380992,28443928,27,0.21508
24,26741,26760,20,1807628,2824375,1,0.2145
1,1698,1717,20,138243679,139381706,138,0.21347
28,29480,29499,20,11496309,13659540,11,0.21283
3,4241,4260,20,61979252,63196635,61,0.212
1,585,604,20,48629895,50434457,48,0.2119
26,28651,28670,20,44810685,46101773,44,0.21155
5,7600,7619,20,96623157,98515360,96,0.21097
8,11351,11370,20,47092657,48213829,47,0.21003
14,18812,18831,20,60181171,61535356,60,0.20939
1,1260,1279,20,102903978,104220701,102,0.20676
14,18473,18492,20,29680105,31242174,29,0.20257
2,3110,3129,20,95752707,98268164,95,0.20223
8,11958,11977,20,94560328,96199051,94,0.19838
25,27480,27499,20,202554,1303460,0,0.19801
8,11393,11412,20,50019163,51045299,50,0.19729
28,29809,29828,20,38449335,40343865,38,0.19673
27,29051,29070,20,24539434,25728096,24,0.19662
29,30052,30071,20,10829548,12185306,10,0.196
23,26334,26353,20,20402236,22080127,20,0.19568
19,23270,23289,20,42776646,44403315,42,0.19556
6,8379,8398,20,40086624,41123393,40,0.1937
6,8355,8374,20,38746212,39752891,38,0.1936
12,16495,16514,20,51521253,52641232,51,0.19299
20,23852,23871,20,18099389,19369507,18,0.19215
7,9773,9792,20,28529552,29964723,28,0.19188
26,28089,28108,20,756489,2915575,0,0.19065
12,16736,16755,20,70000094,77500623,70,0.18867
7,10496,10515,20,86169121,87556048,86,0.1881
21,25144,25163,20,57603552,59368115,57,0.1875
13,17879,17898,20,75018157,76330479,75,0.18686
3,4506,4525,20,81615240,83242603,81,0.18671
8,11695,11714,20,74423117,76119002,74,0.18665
2,2560,2579,20,43042276,45554413,43,0.18647
25,27661,27680,20,12044822,13405791,12,0.1853
3,4901,4920,20,108355081,109565152,108,0.18437
16,20191,20210,20,9569249,11391026,9,0.1838
15,19179,19198,20,7944599,10700852,7,0.18203
16,20159,20178,20,4305200,8354209,4,0.18188
13,17211,17230,20,22720760,24732116,22,0.18172
3,4010,4029,20,40208518,41395148,40,0.18143
3,3957,3976,20,34421834,36531738,34,0.1799
16,20256,20275,20,16270589,18494934,16,0.17886
15,19927,19946,20,70686321,71772056,70,0.17856
11,15349,15368,20,50569415,54246625,50,0.1776
12,16251,16270,20,27058646,28607186,27,0.175
22,25581,25600,20,20257375,21614894,20,0.17486
5,7468,7487,20,82466920,84191490,82,0.17452
27,28959,28978,20,18560951,19464406,18,0.17229
16,20872,20891,20,70220110,71944945,70,0.17171
10,13806,13825,20,32742927,34438367,32,0.17118
28,29455,29474,20,9487766,10791824,9,0.16977
5,6787,6806,20,11284482,13311842,11,0.16966
8,10858,10877,20,5064795,6687056,5,0.16864
21,24812,24831,20,27296213,28848349,27,0.16818
17,21851,21870,20,65771136,66619908,65,0.16721
1,240,259,20,22031001,23489264,22,0.16508
1,193,212,20,17330771,20084515,17,0.16416
8,11730,11749,20,77052419,78482209,77,0.16415
16,20552,20571,20,42625201,44459269,42,0.16278
14,18563,18582,20,39982391,41809705,39,0.16228
24,27236,27255,20,40286590,41644404,40,0.16103
12,16318,16337,20,33495549,35324036,33,0.16045
8,10955,10974,20,13822797,16422405,13,0.16035
7,10378,10397,20,77572670,79431788,77,0.15996
27,29249,29268,20,38863807,40210986,38,0.1599
13,17908,17927,20,77055493,78078786,77,0.15977
5,7004,7023,20,35186437,37331234,35,0.15894
26,28192,28211,20,9898255,10961370,9,0.15894
6,8734,8753,20,66209350,67049861,66,0.15856
19,23564,23583,20,61883645,63140551,61,0.15769
10,14500,14519,20,92127288,93781226,92,0.15764
5,7229,7248,20,60642347,62435307,60,0.15614
4,6183,6202,20,89380482,90729174,89,0.15612
15,19702,19721,20,52290626,54218907,52,0.15515
13,17124,17143,20,15805823,17232510,15,0.15438
14,18690,18709,20,50485190,52150706,50,0.15422
6,8612,8631,20,55545104,56952870,55,0.15418
3,4072,4091,20,45826189,47407040,45,0.15392
7,10536,10555,20,90058029,91839217,90,0.15359
1,1608,1627,20,132011695,132883951,132,0.15303
21,25267,25286,20,68216653,69939350,68,0.15283
25,27935,27954,20,32823036,33958794,32,0.15276
1,746,765,20,61540639,63127376,61,0.15268
4,5532,5551,20,36842170,37877098,36,0.15266
10,14333,14352,20,81403443,83050810,81,0.15261
2,2338,2357,20,26861021,27814925,26,0.15255
16,20315,20334,20,21741980,24401108,21,0.15247
3,4864,4883,20,105787535,107181167,105,0.15214
29,30246,30265,20,27965621,29052623,27,0.15134
6,7989,8008,20,8478503,10199636,8,0.14815
2,2649,2668,20,52176845,53431931,52,0.14763
11,15434,15453,20,60377158,62067321,60,0.14713
25,27971,27990,20,34800159,35776622,34,0.14711
8,11649,11668,20,70145158,72395359,70,0.14614
27,29097,29116,20,27804403,29650426,27,0.14525
14,19038,19057,20,78874656,80647010,78,0.14501
8,11486,11505,20,56098240,57559835,56,0.14446
7,9666,9685,20,21249976,22874513,21,0.14421
28,29748,29767,20,34066383,35113955,34,0.1442
2,2166,2185,20,13800470,15021561,13,0.14287
21,25199,25218,20,62769411,64129449,62,0.14163
1,1825,1844,20,147421398,148388848,147,0.14104
6,8054,8073,20,13085315,14065611,13,0.14094
12,16799,16818,20,80629629,81719087,80,0.1407
3,3715,3734,20,10619258,13080516,10,0.13888
9,13398,13417,20,103043592,104071394,103,0.13886
16,20485,20504,20,36517262,37748202,36,0.13881
6,8437,8456,20,43330106,44649549,43,0.1385
23,26144,26163,20,7457298,9075600,7,0.13767
9,13272,13291,20,94407624,95591202,94,0.13674
29,30529,30548,20,49079040,50466342,49,0.13637
1,625,644,20,52676405,54032055,52,0.13596
17,21686,21705,20,55491893,56410954,55,0.13584
21,24619,24638,20,11981034,13173337,11,0.13449
18,22574,22593,20,47781264,48818621,47,0.13424
22,25322,25341,20,1732412,3073232,1,0.13371
14,18792,18811,20,58967114,59967665,58,0.13359
16,20626,20645,20,50281187,51520569,50,0.13347
19,23009,23028,20,21878635,23160362,21,0.13268
11,15948,15967,20,105557304,106804258,105,0.13235
4,6445,6464,20,111094913,112206671,111,0.13219
8,11675,11694,20,72949048,74373729,72,0.13217
5,7831,7850,20,115693793,117102295,115,0.13174
17,21044,21063,20,1486819,2904301,1,0.13051
10,13452,13471,20,2617295,4226506,2,0.13042
10,13957,13976,20,46108878,47601270,46,0.12984
4,5085,5104,20,1343568,4138532,1,0.12978
1,1554,1573,20,128092950,129170050,128,0.12952
13,17984,18003,20,81665695,82982226,81,0.12878
21,25042,25061,20,48099076,49362705,48,0.12876
7,10766,10785,20,111106929,111931788,111,0.12844
8,11263,11282,20,40254102,41527418,40,0.12839
7,10349,10368,20,75336419,76719459,75,0.12788
13,17295,17314,20,30108205,31750419,30,0.12728
18,22502,22521,20,42033662,43379174,42,0.12694
13,17661,17680,20,59291745,60242262,59,0.12644
29,30340,30359,20,34650967,35984996,34,0.12643
25,27530,27549,20,3055650,4589105,3,0.12612
5,6882,6901,20,23568941,25643874,23,0.12601
19,22947,22966,20,16700029,17923922,16,0.12598
3,4115,4134,20,48600937,50673505,48,0.1258
26,28508,28527,20,33153900,34460340,33,0.12542
2,3547,3566,20,133979803,135122819,133,0.12515
11,15247,15266,20,41789973,43420613,41,0.12494
3,4432,4451,20,76406790,77846465,76,0.12441
13,17244,17263,20,25842073,27589301,25,0.12439
6,9274,9293,20,108836475,109990555,108,0.1243
15,19403,19422,20,27523498,28913313,27,0.1243
17,21956,21975,20,71788904,73315120,71,0.12411
27,29119,29138,20,30050354,31371208,30,0.12392
1,311,330,20,27786985,29696010,27,0.12259
16,20913,20932,20,73401266,74776127,73,0.12204
14,18598,18617,20,43292662,45003977,43,0.12147
3,4828,4847,20,103021431,105043063,103,0.12126
23,26087,26106,20,2612973,4261877,2,0.12094
26,28625,28644,20,43129105,44436400,43,0.12043
6,8086,8105,20,14889808,16514919,14,0.11991
8,11182,11201,20,33805180,35339110,33,0.11951
9,13367,13386,20,100683744,101945908,100,0.11931
9,12912,12931,20,61547823,63863237,61,0.11905
19,22833,22852,20,7940557,9079748,7,0.11861
2,2448,2467,20,32770767,34258157,32,0.11783
11,15864,15883,20,99797276,100924099,99,0.11774
2,2029,2048,20,2333403,3820191,2,0.11769
19,22919,22938,20,15255191,16239666,15,0.11711
7,9948,9967,20,41114885,42324539,41,0.11679
8,11879,11898,20,88381021,89824596,88,0.11629
2,2980,2999,20,78533652,80201648,78,0.11625
11,15137,15156,20,31173613,32628633,31,0.11617
11,14932,14951,20,17058497,18261860,17,0.11594
1,1637,1656,20,133494241,135028845,133,0.11472
16,20978,20997,20,77519512,78939515,77,0.11469
14,18278,18297,20,15585398,16677121,15,0.11441
25,27718,27737,20,16143769,17581256,16,0.11417
4,5927,5946,20,68313751,69955754,68,0.11352
11,15510,15529,20,67498111,68820809,67,0.11345
19,22774,22793,20,1439012,4372145,1,0.1134
16,20666,20685,20,53670653,55397555,53,0.11338
27,29177,29196,20,34417344,35513325,34,0.11322
1,991,1010,20,81486839,82725824,81,0.11319
21,24560,24579,20,7694470,9318083,7,0.11312
12,16149,16168,20,16069827,17121591,16,0.11281
27,29226,29245,20,37357125,38631236,37,0.1127
6,8293,8312,20,32682527,34686041,32,0.11244
4,6486,6505,20,113257564,114902164,113,0.11228
16,20287,20306,20,20056325,21155402,20,0.11228
5,7056,7075,20,40553720,42166749,40,0.11226
4,5792,5811,20,58072287,59145247,58,0.1122
24,27045,27064,20,26760851,28154039,26,0.11207
23,26367,26386,20,23610824,25222914,23,0.11205
27,28933,28952,20,16899895,17894486,16,0.11205
14,18076,18095,20,4651891,5494654,4,0.11184
1,1482,1501,20,122175425,123335404,122,0.11165
9,12253,12272,20,4130601,5632136,4,0.11142
6,9422,9441,20,117409606,119146067,117,0.11138
8,11621,11640,20,68010939,69431109,68,0.11121
14,18895,18914,20,66771994,68450192,66,0.11108
13,17558,17577,20,51415790,53003864,51,0.11088
15,19335,19354,20,23448971,24563671,23,0.11071
2,2750,2769,20,58580638,60451952,58,0.1106
1,488,507,20,41732937,43067020,41,0.1101
1,680,699,20,56193336,58444431,56,0.10919
4,5733,5752,20,53007008,54781445,53,0.1089
14,18636,18655,20,47141282,48359660,47,0.10865
11,15643,15662,20,78728798,80897892,78,0.10854
29,30010,30029,20,7749930,9340747,7,0.10829
5,6818,6837,20,15024272,17507982,15,0.10749
13,17391,17410,20,38656618,39961667,38,0.10688
8,11581,11600,20,64011227,65609180,64,0.10675
18,22198,22217,20,16693956,18238978,16,0.10662
1,1072,1091,20,88086502,89475293,88,0.10647
26,28376,28395,20,23443384,25473170,23,0.10632
15,19612,19631,20,42807152,44124168,42,0.1062
1,1860,1879,20,149514049,150900517,149,0.10617
5,7167,7186,20,51182567,54045462,51,0.1056
25,27861,27880,20,28372023,29835248,28,0.10502
23,26306,26325,20,19163000,20098931,19,0.10473
14,18192,18211,20,10118287,10884437,10,0.10458
7,10436,10455,20,82173456,83551608,82,0.10451
11,14983,15002,20,20783316,21766263,20,0.10436
27,28843,28862,20,11365955,12354872,11,0.10406
10,13889,13908,20,40856335,42264196,40,0.10392
1,1240,1259,20,101103098,102837279,101,0.1039
4,6540,6559,20,117292302,118321346,117,0.1039
19,23227,23246,20,39706180,41341636,39,0.10389
1,1762,1781,20,142616678,144217433,142,0.10365
25,27507,27526,20,1771425,2749266,1,0.10356
6,8901,8920,20,81467492,83147633,81,0.10346
8,11774,11793,20,80280501,81964415,80,0.10306
13,17167,17186,20,19030945,20371685,19,0.10295
14,18934,18953,20,69851391,71571894,69,0.1025
9,13148,13167,20,84792441,86723281,84,0.1021
17,21322,21341,20,22857773,25339122,22,0.10206
7,9478,9497,20,2817908,3775890,2,0.10182
13,17691,17710,20,60691132,62858269,60,0.10174
3,4540,4559,20,84365910,85450050,84,0.10163
13,17852,17871,20,73021818,74391936,73,0.10131
1,1357,1376,20,110982956,112675358,110,0.10082
16,20937,20956,20,75157698,76369442,75,0.10069
5,6927,6946,20,27839649,29240752,27,0.10066
4,6310,6329,20,99381115,100706047,99,0.10045
14,18306,18325,20,17288504,18971196,17,0.10038
25,27903,27922,20,31203231,31961994,31,0.10002
22,25492,25511,20,13370087,14535643,13,0.09993
17,21503,21522,20,39773797,41249275,39,0.09945
14,18253,18272,20,13023286,14159708,13,0.09923
25,28021,28040,20,38142895,39518953,38,0.09901
3,4150,4169,20,52806252,55327770,52,0.09873
13,17606,17625,20,55783696,56870735,55,0.0985
16,20212,20231,20,11457289,13695211,11,0.09807
5,7621,7640,20,98693360,101124171,98,0.09787
4,6046,6065,20,77762822,79785116,77,0.09786
6,8551,8570,20,51361032,52544597,51,0.09768
17,21980,21999,20,73915069,74965918,73,0.09766
4,5383,5402,20,24209956,25563039,24,0.09764
10,14246,14265,20,71528114,73655817,71,0.09762
6,8933,8952,20,84713584,87365840,84,0.09756
4,5674,5693,20,48431383,49692660,48,0.09727
8,12014,12033,20,98532984,100173145,98,0.09646
10,14578,14597,20,98588493,99828782,98,0.0959
12,16536,16555,20,53986983,55074178,53,0.09572
28,29638,29657,20,24873261,26572687,24,0.09572
9,12274,12293,20,5747133,8189195,5,0.09567
7,9447,9466,20,428335,2069225,0,0.09561
4,5832,5851,20,60781458,62063099,60,0.09552
1,379,398,20,33176151,34492226,33,0.09547
1,1410,1429,20,116419981,118072379,116,0.09545
9,13126,13145,20,82873437,84616437,82,0.09545
18,22097,22116,20,7868943,9033298,7,0.09535
1,716,735,20,59852828,61125554,59,0.09506
29,30507,30526,20,48012818,48948337,48,0.09505
1,1506,1525,20,123646279,125641702,123,0.09447
27,28763,28782,20,2298767,4093465,2,0.09441
24,27216,27235,20,38383252,40260020,38,0.09403
20,23831,23850,20,16581274,17915319,16,0.09365
2,2073,2092,20,5305197,7169804,5,0.09305
17,21927,21946,20,69459128,71260851,69,0.09258
28,29597,29616,20,21101833,22941657,21,0.09245
11,14669,14688,20,740136,1733607,0,0.09223
1,1380,1399,20,112994639,114907147,112,0.09189
26,28113,28132,20,3475031,5094776,3,0.09183
17,21473,21492,20,35174759,37933239,35,0.09163
1,874,893,20,71349186,73077982,71,0.09162
13,17190,17209,20,20584188,22363763,20,0.09129
12,16366,16385,20,39752637,42709211,39,0.09128
17,21628,21647,20,48397486,50256194,48,0.09089
3,4288,4307,20,65362228,66402051,65,0.09056
21,24986,25005,20,42440611,43649910,42,0.08979
10,14148,14167,20,60954731,63901294,60,0.08967
7,10470,10489,20,84677552,85712075,84,0.08934
5,6715,6734,20,7175086,8371379,7,0.08868
6,8956,8975,20,87838493,89479553,87,0.08858
20,23918,23937,20,23991821,24970604,23,0.08823
9,13300,13319,20,96030427,97521014,96,0.08778
3,5040,5059,20,117760734,119812392,117,0.08764
19,23293,23312,20,44632448,45752543,44,0.08741
4,6353,6372,20,103051975,104248050,103,0.08704
5,7653,7672,20,102174236,104659347,102,0.08702
18,22715,22734,20,60103953,62726859,60,0.08674
24,26949,26968,20,17985623,19878541,17,0.0865
1,172,191,20,15646164,17124625,15,0.08634
21,24642,24661,20,13961617,15770257,13,0.08625
7,10069,10088,20,50488296,53859609,50,0.08617
15,19235,19254,20,14165000,16042857,14,0.08615
19,23475,23494,20,56426090,57694213,56,0.08615
7,9835,9854,20,33017653,34324708,33,0.08613
3,3916,3935,20,31378175,32922670,31,0.08597
10,13486,13505,20,5233073,6683566,5,0.08575
2,3347,3366,20,117905953,119705280,117,0.08503
8,11289,11308,20,42073454,43816192,42,0.08503
3,4392,4411,20,72000950,74636373,72,0.08499
15,19383,19402,20,26511360,27490711,26,0.08494
24,27285,27304,20,45611032,46763152,45,0.08483
21,25239,25258,20,65970967,67593887,65,0.08482
1,449,468,20,39339779,40465985,39,0.08478
19,22803,22822,20,5257592,7163882,5,0.08474
14,18732,18751,20,54164119,55855832,54,0.08444
25,27593,27612,20,6910261,8383027,6,0.08443
16,20805,20824,20,65221315,66729065,65,0.08435
16,20364,20383,20,27629566,29277142,27,0.08425
15,19464,19483,20,31647441,32662524,31,0.08415
17,21793,21812,20,62290698,63515768,62,0.08368
4,6565,6584,20,118676822,119671976,118,0.08367
8,11914,11933,20,90984428,93090764,90,0.08365
28,29831,29850,20,40782405,41737604,40,0.0836
2,2682,2701,20,54130292,55143544,54,0.08343
2,2589,2608,20,46528687,48570218,46,0.08299
8,10880,10899,20,7199643,8651806,7,0.08266
8,12063,12082,20,102484992,103278121,102,0.08264
18,22467,22486,20,39772580,40994643,39,0.0826
24,27134,27153,20,32517935,34093337,32,0.08257
22,25740,25759,20,36452151,38080562,36,0.08252
12,16072,16091,20,10423968,12041734,10,0.0825
10,14297,14316,20,78044879,80181163,78,0.08239
3,4094,4113,20,47541668,48418222,47,0.08207
11,15278,15297,20,44611943,46143526,44,0.08205
29,30143,30162,20,19332326,21244910,19,0.08204
9,12609,12628,20,34681064,36191579,34,0.08191
18,22287,22306,20,23966401,25766247,23,0.08181
10,13985,14004,20,48225546,49503411,48,0.08152
4,6080,6099,20,80881001,82496288,80,0.08146
21,25167,25186,20,59728340,61994597,59,0.08144
2,2830,2849,20,65700940,67387596,65,0.08128
11,15458,15477,20,62537588,64019136,62,0.08119
27,29029,29048,20,23430576,24361908,23,0.08053
17,21771,21790,20,61054556,62127421,61,0.08034
20,24485,24504,20,70145293,71793734,70,0.08033
6,8880,8899,20,79680793,81286240,79,0.0802
5,7562,7581,20,91471989,94473586,91,0.08019
21,24587,24606,20,9741507,10898700,9,0.08013
26,28421,28440,20,27317513,28689705,27,0.07985
16,20135,20154,20,2177420,4021893,2,0.07983
24,26800,26819,20,5446935,6860164,5,0.07964
16,20335,20354,20,24810362,27024889,24,0.07962
14,18501,18520,20,31785149,33918070,31,0.07948
7,9609,9628,20,16611621,18158398,16,0.07946
12,16224,16243,20,23450916,25775588,23,0.07937
18,22613,22632,20,50748739,51917582,50,0.07929
1,558,577,20,46321775,47856002,46,0.07915
12,16841,16860,20,83340249,85272488,83,0.07906
23,26226,26245,20,13423541,14623137,13,0.07877
2,2358,2377,20,27863911,28635618,27,0.0787
9,12231,12250,20,1859781,3764510,1,0.07869
12,15995,16014,20,2857684,4079569,2,0.07862
10,14068,14087,20,54341869,55751369,54,0.0783
16,20957,20976,20,76423682,77469205,76,0.0782
3,4195,4214,20,58238859,60303679,58,0.07819
14,18838,18857,20,62166389,63431800,62,0.07807
20,24210,24229,20,50609613,51870516,50,0.07782
5,7386,7405,20,75227241,76339294,75,0.07766
25,27828,27847,20,25547267,26982725,25,0.07759
16,20572,20591,20,44991382,47166105,44,0.07746
12,16677,16696,20,65805918,67034845,65,0.07722
8,12138,12157,20,107549097,109112032,107,0.07712
14,18659,18678,20,48535019,49760299,48,0.07705
4,6155,6174,20,86591502,87984576,86,0.07689
10,13585,13604,20,13268829,14063148,13,0.0768
13,17639,17658,20,57993671,59195392,57,0.07678
15,19591,19610,20,41303655,42715966,41,0.07667
7,10669,10688,20,103779001,105751261,103,0.07636
12,16927,16946,20,89491955,90936162,89,0.07635
3,3691,3710,20,7544991,10241362,7,0.07615
5,7509,7528,20,86997963,88436433,86,0.07611
20,24151,24170,20,44892168,46296840,44,0.07607
29,30078,30097,20,12868932,14788465,12,0.07585
5,7804,7823,20,113761140,115255985,113,0.07578
4,6101,6120,20,82671406,83840022,82,0.07568
4,5695,5714,20,49800685,51544844,49,0.07535
13,17464,17483,20,44229288,45694404,44,0.07472
12,16568,16587,20,55982934,57211328,55,0.07456
1,22,41,20,1896112,3197378,1,0.07429
15,19315,19334,20,22110768,23367462,22,0.07388
1,1674,1693,20,136603695,137526694,136,0.07386
6,9402,9421,20,115878817,117384629,115,0.07344
7,10583,10602,20,94512228,96765614,94,0.07311
9,13333,13352,20,98124370,99072838,98,0.0731
12,16898,16917,20,87319015,88677992,87,0.07287
13,17780,17799,20,67780665,69248366,67,0.07281
4,5439,5458,20,27905593,29602230,27,0.07272
7,9516,9535,20,5051326,6134663,5,0.07245
23,26122,26141,20,5212261,7276902,5,0.0721
4,5157,5176,20,8048909,9404614,8,0.072
1,1315,1334,20,108249215,109221369,108,0.07195
3,4712,4731,20,96100754,97194143,96,0.07123
7,10114,10133,20,56374904,57748551,56,0.07117
8,11800,11819,20,82439119,84446493,82,0.07112
8,11310,11329,20,43919283,45255299,43,0.07082
2,2857,2876,20,67894736,69391463,67,0.07074
11,14899,14918,20,14808687,16020458,14,0.07068
14,18118,18137,20,6589274,7342696,6,0.07067
6,8996,9015,20,91144565,92363326,91,0.07061
27,29294,29313,20,42142351,43435991,42,0.07051
3,4586,4605,20,87293789,88652002,87,0.0705
5,6612,6631,20,1193806,2073705,1,0.0705
20,24018,24037,20,34051201,35720280,34,0.07045
4,6514,6533,20,115556748,116969378,115,0.07036
17,21107,21126,20,5487182,6746199,5,0.07012
10,14005,14024,20,49569157,51104105,49,0.07002
29,29923,29942,20,673312,2369574,0,0.06995
12,16515,16534,20,52767067,53934878,52,0.06967
15,20070,20089,20,81818289,82875229,81,0.06952
11,14743,14762,20,4875412,5930204,4,0.06949
18,22428,22447,20,36939147,37977789,36,0.06907
20,23696,23715,20,6966760,7881875,6,0.06885
9,12935,12954,20,64207421,65449055,64,0.06861
5,7106,7125,20,44268500,45926002,44,0.06854
4,6002,6021,20,74234970,75640795,74,0.06836
6,9126,9145,20,99813207,100827998,99,0.06827
15,19854,19873,20,65408389,66383907,65,0.0681
2,3310,3329,20,114710664,116210744,114,0.06802
7,9795,9814,20,30261470,31601869,30,0.06783
29,30031,30050,20,9478408,10729803,9,0.06773
1,216,235,20,20296459,21772072,20,0.06762
21,24905,24924,20,36136065,37462320,36,0.0675
13,17009,17028,20,4308889,5937554,4,0.06734
3,3879,3898,20,28030983,30194236,28,0.06732
1,921,940,20,75505402,77485396,75,0.06731
15,19355,19374,20,24632628,26138126,24,0.06718
6,8633,8652,20,57075347,59565686,57,0.06715
1,1945,1964,20,155478973,156710174,155,0.06704
26,28530,28549,20,34821636,36905943,34,0.06693
27,28804,28823,20,7593356,9250049,7,0.06687
8,11203,11222,20,35398490,37136374,35,0.06683
4,6421,6440,20,108486695,110839255,108,0.06677
6,8269,8288,20,30488025,32128224,30,0.06672
2,2140,2159,20,10617894,13226674,10,0.06661
6,8490,8509,20,46556246,48423262,46,0.06661
24,27325,27344,20,49190314,51227109,49,0.06651
14,18098,18117,20,5795431,6555671,5,0.06631
16,20506,20525,20,37838697,38926711,37,0.06622
2,2194,2213,20,15611339,17142680,15,0.06584
22,25537,25556,20,16961290,18358528,16,0.06544
2,2774,2793,20,61047858,63112798,61,0.06531
28,29715,29734,20,30760470,33096711,30,0.06528
24,26889,26908,20,11753230,13281977,11,0.06524
16,20705,20724,20,57197935,58997236,57,0.06495
8,11558,11577,20,61812025,63901386,61,0.06478
24,27019,27038,20,24582206,26233988,24,0.06475
8,12170,12189,20,110374988,111789086,110,0.0645
3,3802,3821,20,20773550,22508008,20,0.06401
25,27684,27703,20,13854332,15120011,13,0.06401
2,2616,2635,20,49943710,51273999,49,0.06378
13,17963,17982,20,80485791,81576035,80,0.06338
5,7851,7870,20,117133270,118605844,117,0.06328
11,14856,14875,20,11662712,12970800,11,0.06323
7,10320,10339,20,73595691,74632687,73,0.06284
1,658,677,20,54690810,55832662,54,0.06266
2,3169,3188,20,105169858,106727608,105,0.06264
5,7147,7166,20,48514266,51113065,48,0.06263
2,3130,3149,20,98446391,101636994,98,0.06249
26,28455,28474,20,29752189,30858995,29,0.06248
4,5979,5998,20,72612152,73933795,72,0.06236
12,16386,16405,20,43551814,45505409,43,0.06232
7,9691,9710,20,23315210,24625377,23,0.06216
4,5236,5255,20,13316709,15110552,13,0.06197
5,6747,6766,20,8849111,10027908,8,0.06156
6,8404,8423,20,41417527,42267374,41,0.06121
15,19295,19314,20,20712027,21845158,20,0.0612
7,9874,9893,20,35841692,37289420,35,0.06113
6,8657,8676,20,59887422,61555559,59,0.06101
8,11452,11471,20,53631711,55108986,53,0.06088
2,2274,2293,20,22151093,23405887,22,0.06079
18,22368,22387,20,32624899,33856062,32,0.06067
1,1096,1115,20,90121176,91154241,90,0.06057
6,9088,9107,20,97583093,98810035,97,0.06035
4,5283,5302,20,17147542,18592110,17,0.06034
7,10150,10169,20,59019641,61093739,59,0.06018
10,14377,14396,20,84632536,85547284,84,0.06006
21,25291,25303,13,70155265,71136925,70,0.05995
23,26410,26429,20,28649349,30735804,28,0.05993
29,30478,30497,20,46014507,47527067,46,0.05989
14,18989,19008,20,75035895,76803498,75,0.05987
23,26201,26220,20,11692615,13025914,11,0.05985
3,5060,5079,20,120122176,121374825,120,0.05977
25,28052,28071,20,40480346,41596286,40,0.05966
20,24305,24324,20,58449212,59995917,58,0.05962
6,9221,9240,20,105282590,106546711,105,0.05958
18,22265,22284,20,22687235,23841383,22,0.05957
7,10205,10224,20,63539655,65071894,63,0.05955
8,11372,11391,20,48326136,49925026,48,0.05942
3,4684,4703,20,93407420,95120026,93,0.05937
15,19817,19836,20,62176722,63584215,62,0.05934
24,27404,27423,20,57068593,58274429,57,0.05918
6,8031,8050,20,11708937,12772767,11,0.05902
27,28783,28802,20,4175605,7477671,4,0.05893
11,15159,15178,20,32766825,34482175,32,0.05888
28,29777,29796,20,36010482,37591354,36,0.05861
7,10269,10288,20,68488456,70011889,68,0.05857
5,7540,7559,20,89512928,91262694,89,0.05854
2,2112,2131,20,8637217,9810493,8,0.05833
1,1881,1900,20,151349514,152772804,151,0.05832
5,6651,6670,20,3473832,4651940,3,0.05827
3,4452,4471,20,77923168,79247381,77,0.058
17,21349,21368,20,26197600,28001895,26,0.05776
13,17510,17529,20,46978300,48233706,46,0.05774
10,13714,13733,20,21329317,26173687,21,0.05766
29,30218,30237,20,25185862,26697399,25,0.05762
5,7187,7206,20,54171859,55989100,54,0.05758
10,14424,14443,20,88035301,89136731,88,0.05753
20,23665,23684,20,4962725,6206683,4,0.05748
5,7448,7467,20,79921213,82445649,79,0.05744
6,8583,8602,20,53871559,55124345,53,0.0574
8,12197,12216,20,112460587,113320764,112,0.05733
15,19484,19503,20,32783311,34171356,32,0.05725
20,23596,23615,20,247319,1685469,0,0.05707
24,27105,27124,20,30468614,32032423,30,0.05693
28,29862,29881,20,42436188,43667216,42,0.05677
12,16200,16219,20,20261439,22863845,20,0.05672
9,13172,13191,20,87008260,88448285,87,0.05668
5,6978,6997,20,33173961,34446901,33,0.05645
26,28135,28154,20,5424156,7251671,5,0.05642
6,8190,8209,20,22650675,24356039,22,0.05637
5,7308,7327,20,68632534,70305631,68,0.05629
8,10905,10924,20,9156221,10680165,9,0.05601
6,8530,8549,20,49479118,51102728,49,0.0559
28,29431,29450,20,7823597,9131855,7,0.05568
2,2468,2487,20,34329085,35898373,34,0.05549
19,23128,23147,20,31500451,33381109,31,0.05549
25,27738,27757,20,17891876,19975551,17,0.0554
18,22000,22019,20,818901,2163914,0,0.05534
26,28488,28507,20,31718007,33003665,31,0.05524
16,20739,20758,20,60181412,61668331,60,0.05519
3,4922,4941,20,109702946,111072192,109,0.05516
5,7406,7425,20,76457030,77413005,76,0.05504
1,781,800,20,64301934,65338549,64,0.05503
11,15378,15397,20,55229674,57107070,55,0.0549
11,15304,15323,20,46758998,48155240,46,0.05453
11,15042,15061,20,24064571,25837168,24,0.05433
2,2050,2069,20,3950794,5037866,3,0.05429
9,12962,12981,20,66292441,69105572,66,0.05423
9,12412,12431,20,18327205,20446443,18,0.05417
29,30394,30413,20,39905644,41358437,39,0.0541
19,22972,22991,20,18330218,20293612,18,0.05402
19,23067,23086,20,26182297,28095023,26,0.05378
8,11056,11075,20,23139691,24707157,23,0.05368
8,10976,10995,20,16594948,18514280,16,0.0535
14,19060,19079,20,80824324,82578235,80,0.05331
20,24348,24367,20,61905305,63083721,61,0.05323
11,15197,15216,20,36597412,38375934,36,0.05278
2,2510,2529,20,38416725,40313359,38,0.05269
19,23155,23174,20,34183546,35685507,34,0.05265
8,11531,11550,20,59954021,61400389,59,0.05258
3,4369,4388,20,69905106,71596348,69,0.05231
6,8460,8479,20,44789933,45568520,44,0.05211
17,21586,21605,20,45532444,46558798,45,0.05203
11,15758,15777,20,89880876,91680069,89,0.05202
13,17735,17754,20,64804947,65817864,64,0.052
2,3568,3587,20,135190642,136101696,135,0.05198
9,12484,12503,20,23887506,25852948,23,0.05176
21,25078,25097,20,50430797,52554932,50,0.05145
25,27995,28014,20,35994174,37526830,35,0.05142
2,3378,3397,20,120975500,122551247,120,0.05131
9,12994,13013,20,70321037,72503814,70,0.05121
3,4484,4503,20,80099276,81444356,80,0.0512
5,7032,7051,20,38329881,40233163,38,0.05077
12,16175,16194,20,17628784,19676138,17,0.05075
25,27805,27824,20,23556650,25192584,23,0.05074
23,26431,26450,20,30849340,32414135,30,0.05064
4,6135,6154,20,85328669,86480802,85,0.05061
19,23248,23267,20,41488860,42660383,41,0.05054
15,19975,19994,20,74332484,75504433,74,0.05049
3,3776,3795,20,17160057,19693073,17,0.05034
27,29272,29291,20,40677733,42021387,40,0.05034
19,23584,23595,12,63166388,63979662,63,0.05017
28,29374,29393,20,3872413,5343495,3,0.05008
7,9990,10009,20,44136041,46293900,44,0.05005
4,5322,5341,20,20103064,20854629,20,0.04999
10,13635,13654,20,15974499,17311138,15,0.0499
8,11080,11099,20,25281675,26509592,25,0.04988
4,5475,5494,20,31702308,33894437,31,0.04975
10,13559,13578,20,11899342,12922313,11,0.04973
21,24664,24683,20,15920240,17712351,15,0.04966
11,15779,15798,20,91875823,93744013,91,0.04952
13,17274,17293,20,28445047,29841640,28,0.04939
22,25369,25388,20,5022403,5963144,5,0.04933
4,6026,6045,20,76049285,77697936,76,0.04894
11,15489,15508,20,65246700,67421419,65,0.04875
23,26516,26535,20,39123379,40631438,39,0.04851
11,15810,15829,20,95213372,96854128,95,0.0485
7,9589,9608,20,14039322,16564424,14,0.04848
16,20428,20447,20,32373410,33760878,32,0.04844
12,16756,16775,20,77524541,78922242,77,0.04817
14,18542,18561,20,35663156,39570666,35,0.04811
23,26455,26474,20,32948876,34758497,32,0.04811
7,10093,10112,20,54210151,56152302,54,0.0481
13,17032,17051,20,6396120,8831875,6,0.04796
9,12802,12821,20,54062560,55449737,54,0.04785
10,13848,13867,20,37022108,38909882,37,0.04773
27,29200,29219,20,35900786,37004165,35,0.04772
20,23811,23830,20,15506556,16553485,15,0.04754
2,3032,3051,20,86122073,89240442,86,0.04749
22,25905,25924,20,49131324,51283351,49,0.04747
8,11144,11163,20,30188865,31586227,30,0.04738
22,25642,25661,20,25551900,27820332,25,0.0472
9,12570,12589,20,31933710,33237149,31,0.04717
1,1583,1602,20,129833191,131580342,129,0.04696
14,19086,19105,20,82991915,84616190,82,0.04696
2,2383,2402,20,28834748,29893086,28,0.04672
21,24966,24985,20,40888031,42389217,40,0.04663
1,816,835,20,66759099,68066718,66,0.0465
29,30267,30286,20,29128377,30488042,29,0.0465
15,19722,19741,20,54258688,55660429,54,0.04645
16,20851,20870,20,68811897,70127523,68,0.04618
3,3739,3758,20,13657562,15425797,13,0.04617
27,29009,29028,20,21940197,23359799,21,0.04607
4,6271,6290,20,95359641,96605156,95,0.04602
3,3854,3873,20,26212929,27501557,26,0.04568
6,9029,9048,20,93271051,94668310,93,0.04557
11,14689,14708,20,1806374,2798959,1,0.04556
15,19949,19968,20,72190416,73970486,72,0.04555
11,15928,15947,20,104043185,105532933,104,0.04552
4,5200,5219,20,10933419,11840270,10,0.04537
18,22050,22069,20,4852600,6331293,4,0.04536
9,13418,13436,19,104094973,105587941,104,0.04527
21,24845,24864,20,30255230,31492233,30,0.04524
1,969,988,20,80019442,81209053,80,0.04521
5,6689,6708,20,5644397,6786633,5,0.04518
17,21207,21226,20,12932221,14782322,12,0.04496
9,13082,13101,20,79887463,81631217,79,0.0449
23,26281,26300,20,17045647,18695002,17,0.0449
15,19443,19462,20,30373278,31555266,30,0.04466
16,20767,20786,20,62220133,64116934,62,0.04464
7,10724,10743,20,108478047,109522610,108,0.04463
10,13937,13956,20,44694452,46022642,44,0.04463
2,3454,3473,20,126957475,128636098,126,0.04416
9,12861,12880,20,58258097,59666555,58,0.0441
5,7081,7100,20,42528376,43940765,42,0.04408
16,21020,21030,11,80560294,81322588,80,0.04404
15,19549,19568,20,37575605,39063079,37,0.044
27,28742,28761,20,405328,2158165,0,0.04376
7,10691,10710,20,106012026,107474391,106,0.0437
29,29967,29986,20,4065379,6042243,4,0.04369
15,19877,19896,20,66653797,67816375,66,0.04367
9,13245,13264,20,92193482,93731471,92,0.04366
21,25100,25119,20,52702617,54879224,52,0.04354
9,12306,12325,20,8955384,11390953,8,0.04351
7,10248,10267,20,66702151,68436319,66,0.04338
6,8212,8231,20,24543832,26043633,24,0.04294
9,12778,12797,20,52133642,53770853,52,0.04268
24,26767,26786,20,3165105,4474760,3,0.04268
13,18004,18018,15,83050038,84053901,83,0.04251
9,12674,12693,20,41125489,43855787,41,0.04242
16,20893,20912,20,72019993,73361045,72,0.04237
5,7876,7895,20,118848392,120378417,118,0.04222
10,13783,13802,20,30159278,32260224,30,0.04207
17,21654,21673,20,52276513,54456978,52,0.04203
2,3247,3266,20,110353189,112173210,110,0.04199
17,21067,21086,20,3099005,4393229,3,0.04189
2,2318,2337,20,24937393,26781358,24,0.04187
28,29682,29701,20,27785430,28884068,27,0.04155
11,15885,15904,20,101136744,102548124,101,0.04153
24,26925,26944,20,15077549,17179801,15,0.0413
5,7363,7382,20,73419142,74921819,73,0.04128
20,23771,23790,20,11715866,12879068,11,0.04125
1,273,292,20,24278057,25607948,24,0.04114
3,4329,4348,20,67594920,68702409,67,0.04111
1,1458,1477,20,119873516,121686760,119,0.04102
7,9815,9834,20,31655835,32923268,31,0.04102
2,3203,3222,20,108030356,109106216,108,0.04092
10,14626,14645,20,101984056,103234411,101,0.04088
5,6858,6877,20,21114508,23147391,21,0.04086
21,24510,24529,20,2710462,4482429,2,0.04086
17,21413,21432,20,31042083,32512382,31,0.04083
12,16434,16453,20,47788773,48885042,47,0.04074
23,26610,26629,20,45507722,46772002,45,0.04072
20,24040,24059,20,35973199,37553988,35,0.04062
22,25389,25408,20,5989796,7042758,5,0.04062
4,6333,6352,20,101072503,102972671,101,0.04056
29,30123,30142,20,17087250,19234709,17,0.04044
11,14804,14823,20,8284491,9420152,8,0.04037
13,17326,17345,20,32979253,35148331,32,0.04026
11,15012,15031,20,22465305,23402070,22,0.04001
15,19212,19231,20,12204899,13792186,12,0.04001
8,11754,11773,20,78850678,80212958,78,0.04
16,20646,20665,20,51595210,53606090,51,0.03997
24,26996,27015,20,22099387,23827359,22,0.03992
1,348,367,20,31206393,32509969,31,0.03983
2,2530,2549,20,40337325,42042712,40,0.03979
8,11938,11957,20,93433032,94413416,93,0.0397
7,9902,9921,20,38196134,39327370,38,0.03946
15,19571,19590,20,39349430,41169953,39,0.03933
3,5000,5019,20,115369820,116448759,115,0.03917
10,14224,14243,20,69502865,71226626,69,0.03913
15,19663,19682,20,47085423,48606085,47,0.03904
11,15325,15344,20,48300018,50198437,48,0.03893
20,23943,23962,20,25689084,28075415,25,0.03878
11,14832,14851,20,9905475,11357903,9,0.03873
28,29895,29914,20,44332828,45650589,44,0.03859
19,23352,23371,20,48801884,49784054,48,0.03853
11,15908,15927,20,102790757,103856100,102,0.03848
28,29547,29566,20,16699539,18173916,16,0.03848
12,16871,16890,20,85654650,86935120,85,0.03845
26,28223,28242,20,12064775,13630418,12,0.03844
12,16701,16720,20,67716235,68944676,67,0.03835
29,30311,30330,20,32516455,33781565,32,0.03834
27,28870,28889,20,12842240,14100430,12,0.03826
20,24241,24260,20,53449585,55372193,53,0.03816
4,5607,5626,20,42733341,44612810,42,0.03804
19,22877,22896,20,11833182,13492031,11,0.03794
2,3067,3086,20,92042146,93369611,92,0.03778
12,16104,16123,20,13140896,14252635,13,0.03732
4,6401,6420,20,107060437,108446002,107,0.03731
18,22219,22238,20,18294473,20248620,18,0.03722
15,19907,19926,20,68826891,70641768,68,0.03704
17,21378,21397,20,28566700,29936157,28,0.03696
7,9750,9769,20,27148653,28363259,27,0.03692
10,14478,14497,20,91121384,91887770,91,0.03687
26,28708,28727,20,49462175,51358645,49,0.03687
21,24941,24960,20,38919896,40502782,38,0.03686
19,23386,23405,20,50768336,52264019,50,0.03681
11,14959,14978,20,18933896,20622003,18,0.03669
18,22393,22412,20,34126956,35388791,34,0.03667
6,9062,9081,20,95386878,97091396,95,0.03659
8,11508,11527,20,57821769,59541510,57,0.03651
7,9639,9658,20,19084659,20551821,19,0.03628
23,26571,26590,20,42621004,44121535,42,0.03625
3,4972,4991,20,113606642,114797789,113,0.03615
5,7259,7278,20,63604786,65986618,63,0.03591
18,22635,22654,20,52024379,53308339,52,0.03585
5,7775,7794,20,111836264,112978999,111,0.03583
27,29141,29160,20,31600184,32750614,31,0.03579
11,15715,15734,20,86569656,87692024,86,0.0357
10,14356,14375,20,83350003,84541663,83,0.03559
29,29947,29966,20,2547207,4005434,2,0.03553
11,15082,15101,20,27670747,28902978,27,0.03549
1,529,548,20,44593858,45614604,44,0.03518
1,1905,1924,20,153045653,154185740,153,0.03511
10,14402,14421,20,85978674,87848389,85,0.03502
16,20528,20547,20,40059619,42054675,40,0.03499
7,10034,10053,20,47837778,49242955,47,0.03488
26,28167,28186,20,7984752,9669992,7,0.03473
20,23748,23767,20,9990379,11401692,9,0.03454
24,27077,27096,20,28877547,29762125,28,0.03447
25,28072,28088,17,41624510,42851121,41,0.03447
1,509,528,20,43145332,44569518,43,0.03445
10,14453,14472,20,89741589,90838000,89,0.03442
6,8114,8133,20,17094708,18332881,17,0.03441
8,11330,11349,20,45335032,46998289,45,0.03436
15,20094,20113,20,83360435,85011763,83,0.03424
13,17104,17123,20,13706672,15776690,13,0.03423
10,14045,14064,20,52558914,54012929,52,0.03412
29,29990,30009,20,6400168,7677198,6,0.03412
1,64,83,20,4910208,5962522,4,0.03408
10,13539,13558,20,10072183,11768173,10,0.03408
3,4752,4771,20,98222548,99317016,98,0.03393
12,16051,16070,20,8742724,10322436,8,0.03389
6,8153,8172,20,19627480,21034521,19,0.03383
2,2415,2434,20,30659411,31793643,30,0.03377
10,14553,14572,20,96641408,98230479,96,0.03377
2,2918,2937,20,72814849,75126638,72,0.03374
1,1043,1062,20,85731453,87539440,85,0.03365
14,19016,19035,20,77253862,78702548,77,0.03354
10,14025,14044,20,51133677,52506582,51,0.03348
12,16821,16840,20,81979631,83268834,81,0.03344
7,9721,9740,20,25420525,26694122,25,0.03334
8,10997,11016,20,18582470,19895810,18,0.03334
10,13869,13888,20,38986604,40794738,38,0.03326
19,23091,23110,20,28545943,30250870,28,0.0332
15,19274,19293,20,18173159,20538182,18,0.03319
11,15688,15707,20,83585365,85906433,83,0.03293
6,9359,9378,20,113734397,114709329,113,0.03281
3,4412,4431,20,74744528,76327590,74,0.0328
2,2809,2828,20,64173821,65574548,64,0.03278
13,17829,17848,20,71544363,72779588,71,0.03275
26,28259,28278,20,14814944,16614068,14,0.03258
9,13193,13212,20,88534846,90037629,88,0.03256
20,24378,24397,20,63574559,64868102,63,0.03238
24,27363,27382,20,53075632,54964769,53,0.0321
29,30363,30382,20,36188416,37782301,36,0.03209
11,14765,14784,20,6146536,7296877,6,0.03208
20,23630,23649,20,3037520,4298545,3,0.03205
7,9536,9555,20,6206051,8491850,6,0.03203
22,25471,25490,20,11790491,13172658,11,0.03197
11,15414,15433,20,58783251,60334708,58,0.03196
18,22692,22711,20,56775122,58404041,56,0.03184
18,22554,22573,20,46288098,47698729,46,0.03174
4,6376,6395,20,104427527,106831111,104,0.03172
5,7733,7752,20,108746845,110043735,108,0.03159
9,13018,13037,20,73185539,74722894,73,0.03154
9,13061,13080,20,76618632,79407633,76,0.03144
25,27641,27660,20,10968180,11960900,10,0.03144
7,10559,10578,20,91974966,94242965,91,0.0314
12,15973,15992,20,1334824,2709896,1,0.03138
15,20047,20066,20,79187295,81574949,79,0.0313
17,21745,21764,20,59090672,60289891,59,0.03128
9,13224,13243,20,90690991,92061663,90,0.03122
17,21883,21902,20,67216420,68002540,67,0.03112
26,28604,28623,20,41635762,42896381,41,0.03106
4,5906,5925,20,66649741,68140952,66,0.03105
17,21907,21926,20,68187177,69312539,68,0.03104
18,22240,22259,20,20531300,22201521,20,0.03091
12,16633,16652,20,62266267,63630728,62,0.03073
3,3668,3687,20,6183874,7391544,6,0.03068
15,19752,19771,20,56782573,58628094,56,0.03062
24,27383,27402,20,55220853,56834044,55,0.03062
18,22336,22355,20,27645973,31726094,27,0.03051
12,16608,16627,20,59720149,61376874,59,0.03034
6,8754,8773,20,67105986,68616066,67,0.03026
20,24328,24347,20,60639566,61863283,60,0.03024
21,24866,24885,20,31910399,34339514,31,0.03024
8,11859,11878,20,86974867,88329628,86,0.03006
28,29500,29519,20,13691955,15167861,13,0.03006
15,19634,19653,20,44254734,45968445,44,0.0299
4,5497,5516,20,33987589,35631723,33,0.02973
6,8829,8848,20,73461697,74546008,73,0.02971
21,24538,24557,20,5358277,7369556,5,0.02924
12,16657,16676,20,64299024,65727810,64,0.02905
25,27550,27569,20,4647188,5683681,4,0.02893
2,3407,3426,20,123463996,124737053,123,0.02887
24,27259,27278,20,42236118,45052793,42,0.02879
12,16778,16797,20,79224151,80460375,79,0.02878
18,22157,22176,20,11675551,13109858,11,0.02869
21,24722,24741,20,20300789,21703503,20,0.02868
6,8313,8332,20,34889220,37440207,34,0.02861
5,7683,7702,20,105493019,107065695,105,0.02856
9,12382,12401,20,15876356,16892513,15,0.02856
19,23201,23220,20,37217989,39126656,37,0.02856
16,20233,20252,20,13796398,15922964,13,0.02851
17,21447,21466,20,33338008,34409623,33,0.02833
9,12650,12669,20,38575112,40588423,38,0.02823
12,16022,16041,20,4653564,6909020,4,0.02823
2,2944,2963,20,76112733,77110357,76,0.02812
10,14270,14289,20,74246905,77151640,74,0.02804
8,12036,12055,20,100418054,102036518,100,0.02799
4,5862,5881,20,62638018,64053148,62,0.02798
18,22524,22543,20,43502109,44840375,43,0.02786
22,25925,25944,20,51356807,52899262,51,0.02771
15,20020,20039,20,76825757,78457247,76,0.02761
27,29077,29096,20,26444012,27726880,26,0.02757
1,901,920,20,73757146,75433980,73,0.02756
29,30102,30121,20,15671305,16982264,15,0.02724
1,605,624,20,50465233,52644883,50,0.02721
22,25704,25723,20,32257185,33983201,32,0.02713
21,24749,24768,20,22057989,23068300,22,0.02702
3,4658,4677,20,91352963,93025923,91,0.02681
7,10629,10648,20,98887313,101248064,98,0.02663
16,20826,20845,20,66863251,68414637,66,0.02663
17,21566,21585,20,44317603,45443843,44,0.02658
23,26261,26280,20,15375447,17013312,15,0.02655
20,24437,24456,20,67698518,68815875,67,0.02652
4,5345,5364,20,21118823,22549817,21,0.02651
9,12841,12860,20,57128694,58145538,57,0.0265
4,5134,5153,20,6866807,7736057,6,0.02645
7,9562,9581,20,12234576,13632174,12,0.02627
10,13747,13766,20,27035295,28781938,27,0.02625
3,4797,4816,20,101165189,102289610,101,0.02614
14,18522,18541,20,34046332,35645980,34,0.02607
7,10178,10197,20,61683533,62978076,61,0.02605
20,23720,23739,20,8327825,9344675,8,0.02603
24,27458,27477,20,61404105,62643699,61,0.02573
1,1533,1552,20,126434398,127841330,126,0.02571
26,28283,28302,20,16822073,17902587,16,0.02569
3,4630,4649,20,89797436,90639047,89,0.02556
4,6585,6598,14,119692780,120615269,119,0.02554
6,8976,8995,20,89528071,91106000,89,0.02553
27,28989,29008,20,20636525,21902309,20,0.0254
20,24465,24484,20,69292436,70101978,69,0.02539
14,18165,18184,20,8659069,9812155,8,0.02533
6,9201,9220,20,104205427,105258704,104,0.02532
10,14527,14546,20,94133262,95490805,94,0.02525
4,6465,6484,20,112231752,113112933,112,0.02502
9,13106,13125,20,81845054,82843969,81,0.02498
3,3822,3841,20,22550916,24825465,22,0.02497
2,2489,2508,20,35993314,38312194,35,0.02496
14,18233,18252,20,12005796,12934396,12,0.02493
13,17583,17602,20,53306364,55288364,53,0.0249
12,16465,16484,20,49582236,50889752,49,0.02483
27,29326,29345,20,43981265,45368987,43,0.02482
19,23424,23443,20,53568928,54446207,53,0.02471
13,17759,17778,20,66080035,67616199,66,0.02464
7,9927,9946,20,39658828,41030244,39,0.02461
8,10817,10836,20,1554790,3771879,1,0.02459
22,25448,25467,20,10269204,11634045,10,0.0245
4,5958,5977,20,70990705,72539230,70,0.02436
13,17147,17166,20,17383654,18995676,17,0.02398
25,27882,27901,20,29911309,31086333,29,0.02372
10,13613,13632,20,14554414,15806087,14,0.02365
23,26488,26507,20,35970763,37966422,35,0.02313
29,30440,30459,20,43498073,44585782,43,0.02313
7,10227,10246,20,65245810,66614258,65,0.02292
23,26671,26690,20,49260004,50388461,49,0.02287
15,19159,19178,20,5728691,7752904,5,0.02284
29,30183,30202,20,22713977,24109998,22,0.02282
17,21238,21257,20,15611409,17378423,15,0.02276
18,22021,22040,20,2220037,4271633,2,0.02271
4,5812,5831,20,59216486,60677181,59,0.02253
14,18710,18729,20,52192581,53717608,52,0.02247
19,23175,23194,20,35714202,36808032,35,0.02246
15,19515,19534,20,34787093,36211338,34,0.02229
21,25219,25238,20,64292330,65860395,64,0.02228
11,15838,15857,20,97600391,98933313,97,0.0222
20,24069,24088,20,38223488,39576637,38,0.02189
12,16407,16426,20,45705138,47267604,45,0.02178
22,25675,25694,20,29237947,31188606,29,0.02173
27,28894,28913,20,14526116,15516231,14,0.02163
6,8686,8705,20,62048830,63232513,62,0.02161
20,24131,24150,20,42347831,44694564,42,0.02157
5,7755,7774,20,110237957,111790193,110,0.0215
11,14722,14741,20,3451642,4824893,3,0.02145
26,28342,28361,20,20716721,22215515,20,0.0213
1,1337,1356,20,109314516,110887273,109,0.02128
14,18055,18074,20,3720067,4583344,3,0.02125
8,11983,12002,20,96498706,97717526,96,0.02124
23,26692,26711,20,50443262,51386626,50,0.0212
4,5180,5199,20,9615916,10883984,9,0.0211
18,22075,22094,20,6523067,7630875,6,0.02107
21,25022,25041,20,45333059,48062756,45,0.02088
4,5257,5276,20,15208171,16428953,15,0.02084
10,14606,14625,20,100674363,101953883,100,0.02078
13,17537,17556,20,48676506,51254301,48,0.02078
2,3494,3513,20,130187033,131539751,130,0.02054
1,86,105,20,6187555,7943430,6,0.0204
9,12890,12909,20,60228560,61399221,60,0.02035
8,11103,11122,20,26796598,28384201,26,0.0203
22,26053,26072,20,60376752,61172869,60,0.0203
8,10933,10952,20,11212361,13269109,11,0.02019
3,3937,3956,20,32988739,34344799,32,0.02017
6,9380,9399,20,114806810,115707898,114,0.02009
18,22118,22137,20,9118293,10257186,9,0.02002
24,27305,27324,20,47181172,48999628,47,0.01988
22,25965,25984,20,54776528,55889024,54,0.01987
15,19785,19804,20,59616890,61098317,59,0.01979
1,112,131,20,8627862,9982398,8,0.01972
5,7280,7299,20,66040455,68294607,66,0.01958
5,7208,7227,20,56515069,60583869,56,0.01956
6,8237,8256,20,26559101,28777165,26,0.0194
8,11223,11242,20,37192348,38518604,37,0.01939
7,10516,10535,20,87862183,90006186,87,0.01929
4,5651,5670,20,46484672,48028619,46,0.01915
5,7333,7352,20,71097173,72390588,71,0.01905
19,23036,23055,20,23628220,25165920,23,0.01903
7,10400,10419,20,79564106,80573481,79,0.019
17,21302,21321,20,20744144,22820344,20,0.01888
28,29617,29636,20,23112056,24751304,23,0.01887
18,22660,22679,20,53970861,55621823,53,0.01886
3,4309,4328,20,66486992,67550755,66,0.01881
3,3647,3666,20,4475884,5940341,4,0.01866
18,22316,22335,20,26380950,27578257,26,0.01866
20,24181,24200,20,47169145,49053595,47,0.01861
26,28577,28596,20,39068477,41154335,39,0.01855
16,20407,20426,20,31093233,32257121,31,0.01849
17,21128,21147,20,7118768,8589994,7,0.01848
10,13826,13845,20,34524821,36835619,34,0.01845
9,12352,12371,20,13945212,15110882,13,0.01844
15,19423,19442,20,28966610,30266400,28,0.01844
6,7911,7930,20,905736,2940803,0,0.01828
2,3267,3286,20,112231496,113442348,112,0.01817
13,17809,17828,20,70171253,71489545,70,0.01805
17,21608,21627,20,47147387,48331319,47,0.01805
8,12118,12137,20,106044814,107372892,106,0.01795
3,4606,4625,20,88683457,89543254,88,0.0179
28,29346,29365,20,41088,2924302,0,0.01764
13,17413,17432,20,40103153,41414256,40,0.01763
2,2297,2316,20,23654385,24837034,23,0.01762
26,28399,28418,20,25927481,27213271,25,0.01762
2,3474,3493,20,128695085,130141723,128,0.01761
23,26548,26567,20,41349455,42442804,41,0.01758
10,14119,14138,20,58004357,59470586,58,0.01744
22,26033,26052,20,58816379,60243916,58,0.01735
9,12629,12648,20,36440319,38433170,36,0.01725
8,12091,12110,20,104011184,105534772,104,0.01717
3,4566,4585,20,85901731,87237528,85,0.01713
22,25851,25870,20,45118438,46751219,45,0.01712
24,27170,27189,20,35022765,36598297,35,0.0171
23,26638,26657,20,47312700,48496658,47,0.01708
21,24778,24797,20,24082700,26026944,24,0.01705
10,13679,13698,20,18921165,20203040,18,0.01685
15,19110,19129,20,1645280,3286452,1,0.01681
23,26180,26199,20,10274733,11599932,10,0.01678
8,11027,11046,20,20608192,22084349,20,0.01667
25,27779,27798,20,21808238,22964883,21,0.0166
9,12550,12569,20,30263355,31855749,30,0.01657
22,25945,25964,20,52955533,54665331,52,0.01639
6,8510,8529,20,48478840,49452959,48,0.01632
4,5882,5901,20,64223665,66346549,64,0.0163
11,14877,14896,20,13134752,14241827,13,0.01628
20,24272,24291,20,56662612,57602121,56,0.01627
6,8335,8354,20,37526622,38627070,37,0.01608
29,30414,30433,20,41592079,42842353,41,0.01595
11,15545,15564,20,69884769,71365918,69,0.01594
12,16947,16951,5,90957287,91091598,90,0.0157
1,1965,1984,20,156777075,157837373,156,0.01558
21,25122,25141,20,55348624,57156944,55,0.0155
2,3225,3244,20,109253408,110233992,109,0.01548
1,1011,1030,20,82787221,84269107,82,0.01535
10,13657,13676,20,17557149,18811354,17,0.0152
7,10786,10798,13,111973235,112610067,111,0.015
17,21181,21200,20,11029290,12613243,11,0.01499
9,12432,12451,20,20558713,22158096,20,0.01477
2,2220,2239,20,17819362,19390765,17,0.01474
3,4732,4751,20,97288935,98199726,97,0.01472
28,29568,29587,20,18317414,20339439,18,0.01471
29,30288,30307,20,30539225,32169891,30,0.01467
3,4349,4368,20,68725151,69785571,68,0.01462
20,24104,24123,20,40592909,41705783,40,0.0146
15,19996,20015,20,75595790,76543456,75,0.01452
25,27572,27591,20,5805641,6742260,5,0.01448
3,4268,4287,20,63986613,65335142,63,0.01441
2,3087,3106,20,93505187,95199905,93,0.01438
11,15115,15134,20,29691021,31078015,29,0.0143
29,30549,30554,6,50533499,51438462,50,0.01415
6,8706,8725,20,63347756,65395403,63,0.01378
7,10010,10029,20,46354401,47349962,46,0.01363
22,25348,25367,20,3593166,4848038,3,0.01356
21,24697,24716,20,18912588,19897848,18,0.01349
10,14174,14193,20,64483394,66852021,64,0.01326
22,25822,25841,20,42994215,43949380,42,0.01321
17,21087,21106,20,4423257,5445294,4,0.01301
25,27621,27640,20,9746859,10922009,9,0.013
22,25998,26017,20,56563647,57619786,56,0.01287
10,14646,14658,13,103280130,104136694,103,0.01275
17,21277,21296,20,18910914,19975119,18,0.01274
6,8795,8814,20,71111080,72382208,71,0.01273
10,13510,13529,20,7329188,8778914,7,0.01257
8,11601,11620,20,65632034,67846594,65,0.0125
1,1434,1453,20,118226740,119446658,118,0.01248
8,10837,10856,20,3798414,4998120,3,0.01217
9,12756,12775,20,50922485,51933324,50,0.0121
11,15574,15593,20,72767035,74603943,72,0.01176
19,22899,22918,20,13783550,15230115,13,0.01171
13,17438,17457,20,42192875,43319313,42,0.0117
7,9970,9989,20,42609605,43999546,42,0.01156
3,3627,3646,20,2848806,4447509,2,0.01152
24,26830,26849,20,7712547,8786037,7,0.0115
15,19138,19157,20,3857845,5400560,3,0.01145
8,11243,11262,20,38592459,40159162,38,0.01139
9,12696,12715,20,44035529,46583336,44,0.01133
6,8860,8879,20,77186116,79632703,77,0.01121
22,25760,25779,20,38144146,39545402,38,0.01102
3,4952,4971,20,112024623,113404503,112,0.01089
28,29915,29920,6,45805830,46102047,45,0.01081
11,15604,15623,20,75662200,77235847,75,0.01075
5,7488,7507,20,84374008,86753605,84,0.01074
1,43,62,20,3295844,4784221,3,0.01064
11,15062,15081,20,26067871,27587137,26,0.01043
22,25873,25892,20,46902036,48174884,46,0.01033
3,4220,4239,20,60570173,61846076,60,0.01
11,15663,15682,20,80922710,83028893,80,0.0099
10,14094,14113,20,56116909,57701989,56,0.00982
22,25800,25819,20,41256253,42616545,41,0.00982
10,14202,14221,20,67800499,68812168,67,0.00969
18,22177,22196,20,13197861,16402220,13,0.00964
6,9154,9173,20,101297489,102523634,101,0.0095
1,1925,1944,20,154235336,155455156,154,0.00946
5,6838,6857,20,17995212,21056843,17,0.00945
4,5586,5605,20,40746706,42577794,40,0.00932
4,5413,5432,20,26089425,27256320,26,0.00927
9,12329,12348,20,11937392,13502951,11,0.00927
5,7710,7729,20,107451881,108417126,107,0.00925
20,23791,23810,20,12986539,15478658,12,0.00911
9,12460,12479,20,22755204,23667082,22,0.00899
2,3431,3450,20,125175094,126420376,125,0.00891
5,7126,7145,20,46090794,48351526,46,0.00882
2,3523,3542,20,132560449,133657783,132,0.00869
3,5020,5039,20,116574964,117712313,116,0.00868
1,1,20,20,267940,1760113,0,0.00845
5,7428,7447,20,78115795,79860058,78,0.00813
5,6767,6786,20,10066097,11197174,10,0.00802
9,12723,12742,20,47959651,50027556,47,0.0076
7,10603,10622,20,96815359,98534197,96,0.00753
25,27758,27777,20,19995956,21711208,19,0.00752
12,16588,16607,20,57280313,59690043,57,0.0075
7,10649,10668,20,101481295,103375625,101,0.00749
7,10745,10764,20,109633993,110878428,109,0.00745
13,17713,17732,20,62933067,63978193,62,0.00733
29,30163,30182,20,21297809,22660543,21,0.00732
20,23982,24001,20,29998448,32878037,29,0.00715
3,4175,4194,20,56473625,58175690,56,0.00618
4,5630,5649,20,44967890,46381877,44,0.00611
1,132,151,20,10056851,13376687,10,0.00607
24,27425,27444,20,58524434,60457625,58,0.00594
6,8775,8794,20,69026906,71073768,69,0.00587
26,28728,28735,8,51376213,51680135,51,0.00578
11,15738,15757,20,87913641,89770848,87,0.00576
5,7897,7901,5,120553341,121175859,120,0.00567
1,152,171,20,13979316,15605365,13,0.00537
18,22769,22772,4,65604707,65978584,65,0.00458
6,9177,9196,20,102805940,103926853,102,0.004
2,3592,3595,4,136248228,136461239,136,0.00297
8,11124,11143,20,28559343,30129534,28,0.00283
22,25780,25799,20,39601681,41194111,39,0.00245
23,26714,26722,9,51577711,52068611,51,0.00193
1,1985,1991,7,157871181,158229218,157,0.00106
22,26073,26074,2,61199665,61258859,61,0.00045
11,15969,15970,2,107043330,107153765,107,0.00039
15,20114,20116,3,85049720,85257312,85,0.00026
6,9442,9443,2,119181201,119216563,119,2e-05
8,12217,12217,1,113367096,113367096,113,0
